model,stratum,n,dpo_loss,preference_accuracy,margin_mean,margin_std,implicit_reward_chosen,implicit_reward_rejected,ref_logp_prefers_chosen
SFT,length_matched,80,0.6931471824645996,0.0,0.0,0.0,0.0,0.0,0.6
SFT,preferred_longer,78,0.6931471824645996,0.0,0.0,0.0,0.0,0.0,0.1282051282051282
SFT,rejected_longer,79,0.6931471824645996,0.0,0.0,0.0,0.0,0.0,0.9620253164556962
SFT,ALL,237,0.6931471824645996,0.0,0.0,0.0,0.0,0.0,0.5654008438818565
standard DPO,length_matched,80,0.6856109969317913,0.55,0.18652489110827447,1.1848156825318572,-0.047503718577536345,-0.0661562089168001,0.6
standard DPO,preferred_longer,78,0.6981972043330853,0.44871794871794873,-0.04857982733310797,1.4494761140994306,-0.0924884367604346,-0.08763045457472356,0.1282051282051282
standard DPO,rejected_longer,79,0.6625265052801446,0.6708860759493671,0.6836999307704877,1.547601548247304,-0.05895184015389532,-0.12732183395610838,0.9620253164556962
standard DPO,ALL,237,0.6820584624879974,0.5569620253164557,0.27487366787994966,1.434033424707699,-0.06612485622647483,-0.09361222385107598,0.5654008438818565
length-balanced DPO,length_matched,80,0.6785843811929226,0.5875,0.3448583997786045,1.4272103038213044,-0.11190471249633446,-0.14639055363163606,0.6
length-balanced DPO,preferred_longer,78,0.7200853652679003,0.44871794871794873,-0.4440591763227414,1.900709550725064,-0.20666561494820201,-0.16225969559775713,0.1282051282051282
length-balanced DPO,rejected_longer,79,0.6290249077579643,0.7721518987341772,1.4473064820977706,2.1335249726788623,-0.11766998375628933,-0.26240063586001156,0.9620253164556962
length-balanced DPO,ALL,237,0.6757231084354819,0.6033755274261603,0.4526973346617654,1.9980511399932042,-0.14501360203549946,-0.19028333662488123,0.5654008438818565
